region_id,user_id,usage,area,construct_year,num_floors
6,351,0,58908,1910,
5,605,0,51020,1924,5
2,1065,6,12152,,
6,512,4,5000,2010,
8,258,0,71224,,
0,1177,6,20444,,
9,11,0,49073,1968,
1,933,6,8525,,
11,1412,4,39538,1953,
8,162,0,98829,1968,
1,981,0,167055,,
4,128,4,102774,1956,7
9,864,9,16584,,1
2,1059,1,116186,,
6,773,4,93313,,
6,768,0,75929,,
12,698,0,13939,1976,1
10,1253,0,134748,,
5,631,0,23533,1906,3
9,39,6,64619,1969,
1,901,0,107730,,
5,579,0,7781,1910,4
11,1441,0,30143,1951,
0,1163,8,83919,,
6,346,1,17709,,
8,165,15,3877,1975,
4,136,4,56467,1960,9
6,388,9,30810,,
9,88,1,76527,2007,
8,194,6,155682,,
4,107,0,97532,2005,10
7,1029,0,152559,,
0,1204,6,38382,,
9,69,8,387638,2000,
7,1030,0,68030,,
12,693,6,57436,1976,3
0,1071,6,10385,,
1,965,4,45086,,
0,1133,6,82302,,
6,310,9,22000,,
2,1033,0,118489,,
9,21,6,7043,1990,
10,1257,6,61274,,
3,1006,6,26948,,1
1,897,0,37775,,
12,681,9,41861,1919,3
0,1174,7,27648,,
6,766,6,64818,,
11,1401,4,168791,1946,
1,884,0,38598,,
10,1309,4,58041,,
9,811,9,4848,,1
1,983,1,122122,,
6,497,9,7732,,
11,1366,6,87977,1947,
6,784,0,190817,,
0,1164,6,249457,,
0,1212,9,237518,,
1,986,6,34072,,
6,748,6,32766,,
1,974,0,186572,,
2,1051,0,28406,,1
2,1057,0,26372,,4
6,356,9,4336,,
0,1136,6,79782,,
6,411,1,6139,,
5,603,9,29063,2004,3
0,1178,0,133072,,
6,393,0,59400,1900,
9,842,9,7292,,1
6,337,1,22334,1977,
10,1287,0,60582,,
6,438,9,36562,,
2,1034,11,3907,,1
1,908,0,91254,,
6,370,1,15960,2005,
1,885,4,40697,,
0,1100,4,174924,,
12,668,1,47275,1976,2
11,1386,1,82035,1975,
1,994,0,108392,,
0,1084,6,122922,,
10,1254,0,24979,,
1,977,6,8837,,
6,760,6,49990,,
6,453,9,24875,1984,
6,390,6,34400,,
5,621,8,387,1955,1
8,239,4,106440,1963,
9,72,8,387638,2002,
5,599,0,25996,1954,4
2,1044,0,150673,,4
6,753,0,39558,,
0,1189,6,98212,,
8,166,4,553210,2009,
12,688,6,52302,1966,2
4,138,9,118231,,6
6,362,9,21368,,
10,1270,1,18551,,
8,237,9,101262,1982,
9,33,4,38686,2002,
6,380,0,95100,1927,
10,1260,6,86455,,
6,762,0,53651,,
11,1393,1,151900,1990,
6,333,0,59900,1962,
1,896,0,245637,,
10,1316,1,49975,,
8,265,6,118966,1988,
0,1187,6,121714,,
6,763,6,54597,,
3,1004,0,74886,,2
10,1245,3,35354,,
9,70,8,387638,2007,
6,521,9,12000,,
0,1080,0,207115,,
5,650,0,75228,1993,4
6,298,1,39541,,
8,179,2,24867,2012,
6,526,9,7636,,
12,719,0,28363,1919,2
11,1389,1,17104,1953,
0,1086,6,143973,,
11,1418,4,41302,1975,
6,340,1,1843,,
0,1118,12,26926,,
10,1273,6,104089,,
9,47,11,31666,2008,
8,191,0,78268,1964,
6,490,0,98900,1961,
6,452,0,155100,1931,
12,710,0,12088,1919,4
9,63,4,41617,2001,
6,557,9,19000,,
10,1302,6,90411,,
12,677,9,7072,1919,2
6,466,9,22500,,
6,342,4,15420,,
9,7,0,121074,1989,
12,686,6,12206,1976,2
8,230,0,10334,,
5,607,0,34825,1999,2
6,555,0,22400,,
12,684,6,152471,1919,3
9,58,4,83379,2013,
1,927,4,745671,,
5,580,0,104016,1960,4
6,369,9,6431,,
8,221,0,204349,1993,
6,434,0,39500,,
9,96,4,200933,2006,
8,211,0,48411,,
0,1180,0,95182,,
0,1140,0,156483,,
9,0,0,7432,2008,
8,195,6,9703,1940,
9,805,1,3200,,1
0,1077,1,19454,,
1,963,4,44784,,
9,859,9,4000,,1
11,1387,6,187041,1973,
10,1264,0,33012,,
5,635,0,7122,1909,3
8,261,0,89770,,
6,551,6,30525,,
9,825,9,3592,,1
11,1332,0,47398,1912,
6,421,1,11274,,
12,735,0,155807,2013,2
12,695,0,121062,1976,3
0,1172,5,63847,,
3,1012,0,23112,,2
8,207,9,99700,,
9,44,11,283,1985,
6,381,1,1858,,
11,1430,6,53303,1981,
6,528,9,11143,,
3,1000,0,121146,,2
1,967,1,119262,,
0,1078,1,80438,,
0,1095,0,32256,,
9,32,6,48392,2005,
9,807,1,3000,,1
5,568,0,14150,1974,2
1,890,0,202937,,
0,1197,12,50552,,
8,257,0,75650,,
9,804,6,175618,,1
5,636,0,6564,1909,3
11,1385,0,124521,1967,
9,23,0,130885,1985,
5,594,0,177281,1964,7
12,703,0,34563,1966,1
8,260,0,126985,1979,
12,664,1,49492,1976,2
9,835,1,17220,,1
5,643,0,110919,1941,6
11,1423,4,18277,1965,
6,398,0,62200,,
6,538,10,10000,2010,
9,853,1,26495,,1
1,931,0,216050,,
10,1243,3,237704,,
12,706,0,27685,1919,2
10,1278,0,79949,,
12,656,7,5769,1976,1
6,547,3,23903,,
6,448,6,328760,1904,
10,1308,4,62279,,
3,1009,0,21892,,2
6,530,9,144000,,
6,364,0,83800,,
11,1362,0,113988,1923,
9,845,1,860,,1
8,264,6,83660,1973,
1,913,1,503634,,
8,169,0,179559,2006,
7,1028,0,81390,,
6,463,9,25000,,
6,399,0,180000,1939,
1,982,12,373416,,
8,276,6,70837,2014,
5,655,0,222434,1964,11
8,234,0,179167,1971,
1,930,6,20917,,
12,705,0,23605,1976,1
8,225,4,216526,1967,
4,129,4,102957,1968,7
0,1092,6,105167,,
4,121,0,150318,1906,9
8,176,0,62238,1970,
12,707,0,11270,1976,1
12,708,0,102429,1945,4
9,815,1,666,,1
1,919,0,31233,,
6,499,0,376507,2011,
0,1082,6,57394,,
0,1193,6,106511,,
9,814,9,4371,,1
9,25,6,103286,1969,
1,900,0,111623,,
11,1384,0,56969,1967,
8,218,9,16411,,
5,596,0,18474,1923,4
8,171,6,131797,1968,
6,549,9,12754,1968,
0,1073,6,194111,,
10,1280,4,79900,,
6,485,9,22000,2007,
0,1175,5,81372,,
6,297,0,66200,1950,
5,610,1,30160,1958,4
9,867,9,65913,,1
1,917,0,237702,,
3,1021,1,213762,,2
11,1336,6,31053,1915,
1,996,0,77632,,
1,912,0,52559,,
9,37,4,53130,2002,
6,751,6,37485,,
0,1165,6,28991,,
8,198,6,163959,2004,
6,561,6,295000,,
6,386,1,17262,2003,
6,456,9,14125,,
4,155,6,51688,1930,8
0,1144,6,152312,,
8,256,0,16744,,
5,649,0,116121,1996,10
6,772,4,87661,,
6,552,9,20110,1936,
8,248,0,24643,1982,
6,293,6,408000,2010,
9,865,9,10174,,1
9,55,6,16726,2011,
6,373,0,46484,1932,
2,1049,0,94399,,
9,860,7,12259,,1
12,724,0,88856,1976,2
6,385,9,18432,1973,
0,1108,8,679614,,
6,450,0,116872,1931,
11,1359,0,124289,1904,
5,582,0,14542,1920,4
6,532,1,7133,,
10,1281,6,103138,,
1,877,6,8004,,
0,1130,0,280225,,
6,746,6,17879,,
9,806,7,28693,,2
0,1093,6,47578,,
6,375,6,850354,1989,
7,794,0,731945,1969,11
9,95,4,200933,2006,
0,1161,6,53077,,
8,266,0,30543,,
4,148,6,174601,1960,12
6,459,1,36744,2004,
0,1182,15,66585,,
6,554,1,26187,,
12,716,0,37265,1919,3
5,612,0,77055,1917,4
1,880,0,157723,,
8,245,0,88486,,
0,1116,12,11681,,
4,147,6,82548,1977,7
1,947,0,91629,,
10,1319,1,287419,,
11,1413,4,65999,1975,
6,539,1,1473,,
9,91,0,68094,2003,
6,410,0,64113,1924,
8,287,6,33713,1956,
5,598,9,68701,1930,4
9,97,4,187647,2007,
2,1045,6,33530,,
8,241,1,51999,1974,
8,206,9,345837,1966,
1,888,1,137522,,
2,1066,0,55800,,
6,378,9,35241,1978,
6,515,0,63900,1921,
12,678,9,60977,1976,6
0,1122,6,84365,,
5,622,0,123612,1961,7
6,394,1,3545,2000,
6,389,0,57165,2014,
6,510,9,4581,,
4,112,0,32206,,6
6,550,9,16000,2014,
1,992,6,51483,,
10,1240,9,73277,,
8,253,0,65907,1964,
10,1312,4,75000,,
0,1111,6,67839,,
0,1170,6,59476,,
8,204,4,30949,1951,
6,427,9,14269,,
4,144,6,57673,,5
1,991,0,57811,,
9,30,0,93897,1999,
6,543,1,801,,
0,1079,0,14185,,
5,647,4,86959,1942,5
6,756,4,44352,,
3,999,0,113580,,2
6,451,1,5013,,
6,777,4,105791,,
8,286,4,32841,1935,
8,200,1,143093,1964,
1,956,6,86167,,
6,780,0,120836,,
1,945,6,332447,,
6,774,4,93500,,
1,936,4,11350,,
7,797,0,764237,1979,13
1,985,6,34758,,
12,734,0,28191,1919,1
1,904,0,29961,,
4,146,6,31614,1956,8
1,952,0,218024,,
8,275,6,70832,2014,
6,553,0,37800,,
6,336,0,43000,1923,
6,323,0,282200,1928,
12,729,0,17190,1919,2
6,533,4,11900,,
9,82,6,10743,1974,
9,840,7,41861,,1
6,406,1,2347,,
1,987,0,166395,,
0,1217,0,73044,,
11,1446,1,11265,1997,
6,525,9,9062,,
11,1373,0,105434,2014,
1,957,0,111195,,
0,1166,6,63771,,
5,602,1,238065,1933,6
6,458,1,4589,,
4,150,6,65657,1955,8
4,108,0,81580,1913,5
6,341,0,158000,1959,
8,277,0,12761,1909,
6,308,9,5033,,
10,1252,0,116249,,
6,778,1,108339,,
12,658,1,31075,1976,2
10,1265,2,35605,,
8,281,2,28862,,
1,976,0,59498,,
6,758,4,47007,,
5,601,1,11910,1903,2
0,1135,0,150393,,
8,157,6,5258,,
8,282,6,28750,,
12,661,1,7427,1976,2
10,1298,0,171084,,
11,1326,6,46981,1962,
12,732,0,66187,1976,1
11,1407,4,83141,2006,
6,349,9,45098,,
10,1314,0,73813,,
3,998,0,173479,,1
10,1239,6,31300,,
6,382,0,47984,2002,
5,624,0,46204,1941,5
6,491,0,66600,1970,
6,305,6,8637,,
4,126,0,21539,2004,5
12,714,0,8730,1976,1
6,508,7,112283,,
11,1367,0,33695,1948,
10,1235,9,278369,,
0,1105,2,33215,,
11,1417,4,40451,1975,
0,1168,6,577101,,
9,64,4,53130,2001,
11,1414,4,65663,1975,
4,132,4,83108,1995,8
9,90,4,59200,1999,
2,1040,6,126960,,
0,1173,5,13091,,
0,1191,0,192152,,
6,759,4,48519,,
11,1377,0,74599,1984,
11,1383,0,105612,1967,
5,597,9,189425,1994,4
10,1246,6,50327,,
12,727,0,139113,1976,3
8,228,4,49108,1951,
0,1203,4,138602,,
6,460,9,17927,,
9,843,1,5380,,1
5,639,0,14524,1964,2
1,971,4,301307,,
6,424,9,32527,,
7,799,0,527431,1976,26
8,199,8,405083,2004,
5,586,9,166514,1917,5
9,41,6,93860,1968,
8,289,1,9666,2005,
12,713,0,14973,1976,2
1,955,0,198488,,
0,1091,4,233341,,
1,944,12,389641,,
6,509,7,10578,,
9,76,0,128887,2009,
11,1436,5,11302,1937,
8,209,0,193294,2006,
10,1230,6,22524,,
6,507,0,61151,,
9,10,1,370773,1991,
4,133,4,64723,1960,8
10,1306,4,54172,,
10,1233,0,43143,,
9,846,1,481,,1
8,202,4,74682,2006,
7,800,0,64583,1955,2
8,240,4,111304,1964,
11,1426,1,15450,1948,
3,1011,0,65144,,4
5,592,0,120694,2012,7
7,1031,0,93206,,
10,1307,4,66013,,
10,1305,4,37803,,
12,670,3,18471,1966,1
1,948,1,20372,,
6,501,0,66404,,
11,1346,0,34875,1993,
6,496,9,16200,,
10,1258,0,273234,,
10,1323,6,87200,,
9,855,6,48300,,1
10,1300,3,25609,,
8,193,6,6203,1999,
6,408,1,16098,1929,
5,637,0,4189,1929,3
6,454,9,16576,1932,
12,669,1,4768,1976,1
11,1344,0,125507,1974,
5,616,0,117814,1959,6
12,687,6,36221,1976,4
6,416,9,7079,,
9,813,9,5630,,1
12,691,6,42647,1976,1
9,15,6,83957,1974,
1,922,0,147205,,
5,566,0,2010,1957,1
8,255,0,49078,1914,
9,19,6,18717,2004,
8,203,4,63348,2007,
0,1195,6,16472,,
9,28,6,52957,2016,
1,928,0,179115,,
0,1208,3,121585,,
8,196,1,40531,,
5,611,0,128126,1966,7
5,590,0,8516,1920,2
1,892,12,481999,,
6,562,0,235000,2013,
12,680,9,9849,1976,2
6,300,0,62800,2014,
9,86,0,10932,1986,
10,1262,6,65000,,
3,1008,0,74420,,2
0,1211,6,94988,,
4,125,0,16802,1995,6
11,1408,1,28760,2007,
8,219,0,96124,1959,
8,272,0,4583,,
6,321,9,15913,,
4,154,6,34455,1907,8
2,1061,11,44218,,
10,1317,1,180806,,
11,1349,5,7919,1970,
5,638,0,7900,1923,4
6,765,1,58562,,
0,1123,6,92994,,
5,630,0,93420,1948,5
0,1088,0,287594,,
12,743,1,12185,1976,2
10,1285,3,130067,,
10,1301,0,62242,,
6,426,0,101400,1930,
9,18,0,111891,1996,
6,481,0,104294,1976,
12,659,1,15306,1976,2
9,873,6,40142,,1
5,591,1,59326,1932,1
1,939,4,8051,,
6,771,4,82911,,
6,767,6,70042,,
0,1115,12,42028,,
0,1087,6,56569,,
8,271,0,71421,,
9,53,6,87742,1971,
9,68,8,487433,2007,
5,629,0,40835,1931,6
1,923,0,24992,,
11,1360,1,111530,1988,
6,359,9,4925,,
0,1221,6,29062,,
9,52,0,106523,1970,
7,789,0,64583,1923,1
10,1229,6,27646,,
6,514,9,12750,,
2,1052,11,45305,,2
10,1293,6,51471,,
5,577,0,113589,1958,3
8,226,6,74180,1930,
1,969,0,193723,,
2,1058,0,84346,,
2,1035,6,14585,,
12,733,0,96929,1966,3
11,1420,1,95079,1975,
9,56,4,60088,2013,
12,701,0,128682,1966,4
12,675,5,3853,1976,1
11,1394,1,16351,2002,
12,685,6,270034,1976,5
10,1322,1,166489,,
6,344,0,77500,1942,
9,65,4,53130,2001,
1,882,0,39143,,
1,943,1,5682,,
8,270,6,29778,,
9,838,9,18414,,1
6,414,1,36387,,
10,1303,3,200000,,
2,1039,0,30171,,3
1,925,0,54405,,
0,1206,6,99946,,
6,301,9,51176,,
9,80,6,156111,2001,
0,1090,6,305047,,
11,1333,6,31316,1913,
5,627,0,56637,1953,5
2,1042,6,29547,,
5,575,13,33167,1963,4
0,1183,1,166856,,
6,548,3,9813,2010,
8,229,0,140092,,
11,1411,0,9111,1958,
1,953,1,563782,,
6,761,1,52534,,
4,145,6,14219,,4
11,1422,4,19876,1932,
9,841,6,5680,,1
6,517,4,2210,,
6,529,9,14519,1908,
2,1063,0,58157,,
6,781,4,128044,,
9,821,7,2555,,1
0,1222,4,187174,,
12,742,1,31829,1976,2
4,111,0,118338,1909,7
11,1440,4,150294,1987,
1,954,0,305224,,
0,1143,6,96612,,
11,1405,4,142901,2007,
9,83,7,2070,1996,
0,1159,6,671507,,
1,907,1,44564,,
9,85,4,37241,1981,
9,13,0,99380,2000,
5,585,9,132394,1949,7
9,38,6,12769,2013,
3,1026,4,88480,,1
11,1400,4,21168,1928,
0,1209,3,115788,,
9,872,9,3627,,1
6,345,4,7250,,
9,34,4,42731,2002,
0,1098,6,131745,,
9,59,1,81337,2005,
6,440,9,35033,1962,
2,1037,0,8805,,
1,905,4,39648,,
6,447,9,21472,2011,
8,259,0,77469,,
8,220,0,122592,1971,
12,731,0,29149,1919,2
11,1330,0,173983,1986,
11,1368,1,199037,1949,
10,1276,6,53860,,
6,782,0,129344,,
6,366,9,9941,1963,
1,891,0,50846,,
12,711,0,15414,1976,1
11,1432,0,160673,1968,
2,1050,6,50493,,2
10,1242,6,23871,,
2,1046,0,201350,,
6,326,1,45548,,
10,1231,0,13220,,
9,45,11,15304,2016,
12,740,0,37975,1976,1
4,110,0,27814,2006,8
6,320,0,105500,,
6,769,0,77263,,
11,1361,0,233863,1921,
8,183,0,132518,1992,
6,484,9,18000,,
9,830,15,15120,,1
9,60,0,81576,1997,
6,471,0,170000,1956,
4,153,6,16092,1965,3
6,435,6,29916,2002,
0,1110,6,27145,,
5,588,0,21866,1911,4
9,35,4,41617,2002,
6,383,15,27318,,
4,115,0,129716,1968,6
1,959,0,128536,,
9,3,0,23685,2002,
12,726,0,120566,1945,2
9,104,6,45330,2003,
11,1429,0,40461,2002,
9,851,9,16682,,1
1,916,0,51778,,
8,288,1,10733,2005,
11,1343,6,110380,1985,
9,98,4,200933,2007,
9,4,0,116607,1975,
4,124,0,38319,1900,6
10,1224,6,23481,,
1,929,0,199628,,
8,224,0,272278,1955,
11,1438,0,108971,1990,
12,673,1,36307,1976,2
8,168,0,183460,2005,
11,1391,1,68693,1956,
11,1341,0,18342,1960,
0,1200,1,545351,,
0,1215,8,100328,,
10,1232,0,181328,,
5,583,0,206054,1950,9
1,893,0,47191,,
8,274,6,42214,1985,
6,439,6,62205,,
1,895,0,55087,,
6,536,1,1962,,
6,292,9,33743,,
6,312,1,6625,,
1,902,0,14561,,
11,1410,6,11524,1994,
12,672,5,6329,1919,2
12,699,0,93764,1945,3
9,61,4,38686,2001,
6,422,9,8726,,
10,1286,3,205472,,
6,360,0,69600,1949,
6,401,1,12660,,
1,876,0,55240,,
6,478,4,31283,1935,
1,988,6,24463,,
8,279,0,49384,1967,
8,159,0,9788,,
9,24,0,105545,2001,
4,149,6,81881,1960,8
9,862,7,27640,,1
8,214,0,91273,1951,
5,608,1,124197,1927,3
6,404,9,5783,,
9,816,1,356,,1
1,909,1,66121,,
0,1076,4,117054,,
7,796,0,226042,1965,2
10,1255,6,23702,,
0,1216,6,15269,,
1,951,6,103924,,
0,1150,6,196043,,
6,357,4,2000,,
8,242,8,157113,1987,
6,299,0,356000,2014,
10,1279,6,64743,,
0,1089,6,62837,,
6,397,9,54061,2006,
0,1103,7,23903,,
8,223,0,261188,,
6,332,0,90400,,
5,644,1,261091,1923,3
10,1244,9,95526,,
6,348,9,10577,1969,
1,940,4,8079,,
8,268,1,77844,,
6,482,0,394000,2013,
11,1371,9,50577,1956,
11,1339,0,140488,1961,
5,565,0,15326,1954,2
1,920,0,85623,,
10,1263,0,97838,,
6,749,4,35936,,
11,1369,1,53194,1953,
1,889,0,126077,,
8,251,0,12773,,
8,273,6,140345,,
1,886,0,69799,,
9,827,6,5839,,1
8,284,1,230259,1975,
6,479,9,43955,1978,
6,783,1,143110,,
10,1304,6,91363,,
6,494,0,72800,1959,
9,823,9,35253,,1
11,1337,6,14744,1910,
6,379,1,7675,,
5,619,0,68146,1948,6
0,1134,6,152946,,
6,472,0,69400,1911,
1,932,4,233937,,
6,469,9,13044,1913,
11,1431,9,111360,2000,
9,839,6,14150,,1
10,1284,0,442438,,
0,1129,6,133100,,
2,1055,0,86714,,4
0,1194,6,35829,,
7,801,0,484376,1952,5
0,1155,15,19059,,
12,666,1,12045,1976,1
11,1364,14,74922,1940,
3,1018,0,186840,,2
6,486,0,86375,1903,
11,1351,6,40611,,
11,1328,0,279840,2008,
8,182,1,1022,,
12,662,1,12777,1976,2
6,444,9,12945,1960,
8,231,0,33739,1939,
6,504,15,112536,,
8,262,1,20804,1999,
9,36,4,53130,2002,
9,54,0,7867,2011,
1,914,0,229973,,
6,371,1,5554,,
6,350,0,83800,1944,
9,102,6,15876,1983,
6,476,1,1102,,
6,516,9,9000,,
6,462,9,9226,,
6,400,9,19315,,
0,1190,6,39807,,
1,911,0,239638,,
4,152,6,10301,1970,2
11,1370,0,4773,,
12,709,0,23067,1976,2
6,537,0,73200,1959,
11,1355,0,50567,,
1,899,0,225014,,
1,949,4,86786,,
1,879,0,110235,,
7,790,0,86111,1911,8
1,960,0,56137,,
6,396,9,16768,1980,
1,875,4,177708,,
1,961,0,155882,,
9,77,4,24456,1968,
6,750,0,35990,,
0,1202,6,16805,,
6,347,0,75900,1974,
0,1085,0,58377,,
9,829,15,15879,,1
6,291,9,90635,2011,
4,151,6,30495,1997,8
6,413,15,14839,2005,
0,1120,12,70040,,
5,654,0,43910,1912,5
0,1114,7,64810,,
11,1399,4,166814,1929,
10,1228,6,162549,,
1,993,0,428647,,
11,1447,4,29775,2001,
11,1398,4,20291,1925,
4,109,0,56995,1953,6
6,367,1,20584,,
10,1320,1,34565,,
6,495,0,47500,1968,
9,852,9,10800,,1
11,1421,0,47934,,
11,1382,9,243072,1965,
12,697,0,18697,1919,2
0,1139,6,336650,,
0,1137,6,27452,,
6,338,1,23803,1969,
11,1433,0,28084,1913,
0,1196,1,57201,,
11,1354,0,23232,,
6,500,0,99975,1968,
4,122,0,83043,1991,6
11,1340,5,111518,1968,
6,776,6,104667,,
6,419,0,271300,1940,
6,475,6,474680,1986,
6,330,0,65000,,
0,1141,8,20986,,
5,633,8,98539,1989,2
9,2,0,5376,1991,
10,1282,3,12500,,
11,1402,4,133594,1961,
12,717,0,28826,1976,2
5,613,1,1305,1995,1
11,1334,6,130794,1933,
10,1250,0,232139,,
6,556,3,450000,2012,
1,972,0,282152,,
11,1352,6,42755,,
6,415,0,41329,,
11,1342,0,116854,1978,
6,775,6,104355,,
9,75,0,80942,2010,
0,1069,6,20864,,
6,316,9,78550,,
11,1374,6,159662,1956,
3,1024,0,53855,,2
3,1007,6,41933,,2
0,1199,15,10559,,
6,542,0,66900,1969,
12,736,0,94658,1976,3
11,1444,1,19619,1914,
0,1201,0,73597,,
0,1101,6,71936,,
10,1251,0,104604,,
10,1259,0,71088,,
11,1356,0,91253,,
6,541,4,2582,,
2,1043,6,27889,,
8,263,0,87673,1960,
1,975,1,426472,,
5,570,0,193202,1964,10
11,1335,9,136817,1953,
0,1154,4,262156,,
1,938,4,11227,,
11,1380,0,204029,2010,
11,1358,4,61439,1903,
5,625,0,55516,1978,5
8,197,9,102856,,
8,269,1,809530,1958,
4,113,0,100481,1958,9
11,1392,1,76153,1963,
0,1124,4,153299,,
6,423,1,969,,
9,5,0,8000,2000,
1,881,1,344798,,
6,545,0,21903,1931,
10,1297,6,21469,,
1,968,0,153999,,
6,443,0,109000,1940,
6,467,9,47439,,
12,682,1,64153,,5
11,1439,0,56497,1957,
6,313,0,103800,,
5,632,0,41297,1959,6
0,1094,6,70852,,
5,576,0,86465,2014,7
7,798,0,409028,1970,21
9,868,9,60000,,1
4,118,0,138316,1960,8
0,1146,9,83155,,
6,354,0,77500,,
9,78,0,76257,2007,
5,623,0,49388,1931,6
8,280,1,105505,2008,
9,81,7,3025,1979,
6,309,1,2067,,
8,249,1,179449,1976,
6,558,6,89315,,
1,878,4,41241,,
8,174,0,90900,,
6,417,0,69600,1978,
9,824,9,7820,,1
12,739,0,137046,1966,2
0,1214,6,195437,,
6,319,9,13100,1929,
6,377,9,12506,,
12,725,0,13789,1919,1
6,474,9,10151,1966,
6,757,0,46813,,
11,1375,6,115288,1957,
12,657,0,109071,1966,3
6,518,9,555243,1941,
1,915,0,205141,,
6,358,0,77700,,
0,1185,6,129532,,
0,1188,6,37096,,
12,694,0,30613,1976,4
9,870,1,755,,1
10,1227,0,76903,,
11,1376,9,240026,1960,
3,1025,4,52034,,2
6,343,9,22000,,
4,114,0,139683,1958,13
1,918,0,60621,,
10,1247,2,69876,,
9,94,0,29469,1968,
0,1220,9,381221,,
0,1198,0,85164,,
6,505,15,51622,1975,
6,468,6,40000,,
4,134,4,49589,1998,8
9,1,0,2720,2004,
8,283,1,51920,,
3,1016,7,10103,,1
1,924,1,252268,,
6,544,9,110800,1972,
6,470,9,24618,,
10,1237,6,42755,,
6,425,15,202829,1983,
2,1054,0,204998,,4
9,854,1,92288,,1
1,898,9,64749,,
11,1378,0,214505,1990,
6,511,9,12316,,
8,180,0,24586,,
10,1225,6,122746,,
5,581,4,23012,1930,3
8,290,6,51732,1966,
10,1266,9,13469,,
8,222,1,11935,1939,
6,315,1,20644,,
1,910,6,60096,,
5,651,8,306140,2007,5
10,1311,4,66794,,
6,480,6,30000,,
0,1074,6,89858,,
2,1047,9,252952,,
11,1325,1,155177,1915,
9,93,6,33370,1982,
6,403,0,49500,1962,
3,1001,7,4482,,1
9,67,4,24456,1968,
9,836,9,8168,,1
6,461,0,69400,1959,
6,318,6,105000,,
2,1053,6,21582,,
6,314,0,225000,,
3,1017,13,109263,,6
8,189,0,7481,1969,
6,754,6,41337,,
9,822,1,366,,1
8,163,0,72102,1970,
5,642,0,30401,,4
0,1147,1,234476,,
11,1442,9,99541,1993,
11,1388,3,45465,1990,
3,1003,0,94751,,3
6,477,9,21600,,
5,587,13,53234,1942,5
10,1288,0,164206,,
5,641,0,109588,1994,8
6,296,9,22000,,
0,1186,4,157070,,
1,926,0,26033,,
8,238,6,45017,,
5,617,0,182943,1963,11
6,546,9,400000,1971,
11,1353,10,22201,,
1,984,12,214252,,
6,560,6,340000,2010,
9,828,7,102994,,1
6,527,9,9392,,
9,6,4,27926,1981,
0,1192,6,43587,,
4,127,4,27071,,6
12,676,5,90697,1976,2
11,1395,4,98624,,
8,167,4,86323,1956,
5,567,1,82670,2016,4
6,322,0,37083,1908,
0,1169,0,155439,,
6,502,9,6010,,
6,317,6,16098,,
6,328,0,47200,1935,
9,14,0,86250,2013,
8,233,0,25139,1970,
10,1271,9,20540,,
5,574,0,56343,1905,4
6,324,1,11910,,
10,1277,6,45240,,
4,119,0,91149,2007,7
4,116,0,37265,,5
8,216,0,137065,1964,
6,420,9,81397,2004,
10,1310,4,57274,,
2,1041,0,8073,,
6,405,0,82200,1916,
9,50,7,4698,1981,
11,1445,0,4298,,
8,184,0,34171,,
10,1256,6,37917,,
4,141,6,44789,1919,5
10,1318,1,73488,,
9,89,11,161755,1996,
9,857,1,4000,,1
12,692,6,7416,1976,2
6,563,6,31346,,
11,1448,6,92271,2001,
9,861,7,4276,,1
8,243,8,557217,2004,
7,793,0,150695,1964,6
6,446,9,43992,,
12,704,0,17050,1966,1
7,791,0,150695,,5
9,812,1,9894,,1
6,418,1,86120,1926,
6,437,1,11651,,
10,1249,6,159384,,
0,1104,9,199722,,
0,1126,0,72332,,
5,653,0,420885,1930,8
3,1014,6,43094,,3
11,1403,4,78438,2004,
6,311,0,50000,1928,
5,589,0,305268,1952,8
7,795,0,387500,1960,6
0,1156,0,259989,,
9,849,9,6448,,1
6,464,9,9816,,
11,1396,4,96336,1913,
10,1324,1,84688,,
5,600,0,44182,1917,5
2,1038,13,9838,,
1,906,4,39649,,
9,40,1,26944,2001,
5,572,0,94175,1964,9
5,571,0,47954,1980,3
6,352,0,144900,,
9,12,4,37100,1999,
5,640,1,36180,1966,9
0,1167,6,52748,,
4,139,9,56629,1900,6
11,1381,6,84615,1963,
4,123,0,61204,1989,6
9,834,9,4934,,1
6,445,0,40950,1910,
6,770,0,80325,,
2,1062,0,65843,,
9,92,6,10779,1970,
6,473,9,46007,1950,
6,339,0,71100,,
10,1274,6,17077,,
0,1142,6,103718,,
1,921,1,262162,,
8,285,14,21958,,
0,1207,3,74443,,
10,1315,1,82789,,
7,802,0,290625,1995,19
6,498,1,14842,,
5,652,0,150887,1959,9
12,667,1,15715,1966,2
9,817,1,984,,1
9,22,0,3569,1996,
9,103,0,21657,2016,
12,738,0,95433,1966,4
0,1070,4,230747,,
1,937,4,10346,,
6,302,0,57100,2015,
11,1434,0,33148,1967,
11,1345,0,20889,1976,
12,720,0,18202,1919,2
8,181,0,148829,2014,
11,1415,4,40492,1975,
8,156,9,43681,2007,
11,1397,4,19984,1914,
12,674,1,149704,1976,8
1,941,4,8079,,
5,634,0,4000,1910,4
6,412,0,110000,,
9,871,1,1536,,1
3,1020,1,22101,,2
0,1205,8,178270,,
9,31,0,61904,2001,
0,1097,6,157545,,
9,87,1,6412,2006,
6,355,0,182500,1970,
11,1372,0,16289,1957,
9,848,6,8552,,1
5,618,0,148032,1924,5
11,1443,0,40311,1913,
11,1425,14,4071,1990,
6,409,0,38500,2016,
1,935,6,16135,,
9,101,6,18860,1986,
6,489,0,85039,1925,
8,212,0,327256,2012,
11,1331,0,171008,1930,
6,303,1,15950,,
0,1099,0,332884,,
11,1379,6,49553,1963,
8,252,0,4314,1907,
6,387,0,104200,2009,
1,903,0,275793,,
0,1102,6,87187,,
6,787,4,278795,,
10,1294,6,15649,,
5,646,0,58733,1923,6
11,1437,0,111518,1968,
8,190,0,137040,1957,
6,755,6,42129,,
0,1112,6,190471,,
6,513,9,112283,,
10,1295,6,115676,,
6,564,9,89315,,
8,236,1,144086,1989,
6,431,8,1760,,
9,99,6,2260,2016,
5,609,0,141461,1907,6
8,244,0,95717,,
11,1390,1,93608,1951,
10,1272,9,247471,,
6,295,0,83400,1942,
5,578,4,71994,2004,4
0,1121,0,85732,,
1,894,0,101555,,
0,1081,5,11470,,
6,353,0,99700,1955,
11,1357,6,21618,,
12,741,0,14025,1966,1
6,520,6,27600,,
1,962,9,492898,,
12,721,0,121471,1966,3
9,48,7,9569,1989,
6,368,11,16500,,
9,810,1,3729,,1
6,395,9,8925,1912,
9,49,4,24456,1968,
9,27,4,59200,1999,
6,788,9,401753,,
1,883,0,399331,,
12,683,6,4650,1976,2
11,1327,0,98125,2011,
5,606,14,23432,1999,2
1,964,0,130577,,
10,1248,6,78002,,
11,1404,4,169290,2006,
1,989,0,168696,,
11,1363,6,157933,1932,
6,522,6,8000,,
6,488,0,69600,1908,
0,1128,6,58703,,
3,1005,6,26325,,1
0,1151,6,267536,,
12,679,9,43400,1976,3
6,493,0,283000,2014,
10,1289,0,194441,,
0,1213,15,39464,,
8,246,6,202435,1967,
11,1435,0,9552,1961,
7,1032,0,127632,,
10,1292,6,58196,,
6,331,0,288800,1923,
8,217,0,282946,2003,
5,593,0,66203,2015,6
0,1157,0,37107,,
9,26,6,26953,2005,
9,809,1,520,,1
12,700,0,11464,1976,1
10,1275,6,114166,,
6,457,0,79700,1932,
6,335,6,229000,2010,
5,604,0,8463,,3
6,524,9,134114,,
0,1145,5,35201,,
9,84,6,4038,1986,
11,1409,4,48881,1902,
6,428,1,1396,,
6,785,0,250000,,
0,1210,6,92500,,
3,1010,6,11419,,1
6,745,0,13512,,
12,722,0,31635,1966,3
11,1365,4,129664,1941,
8,173,0,90903,,
3,1002,1,161969,,1
12,744,1,48642,1919,5
12,689,6,11442,1976,1
8,267,1,72193,2013,
8,178,6,23392,,
6,492,0,193800,,
0,1109,6,102191,,
9,847,1,9303,,1
1,946,0,177216,,
0,1125,8,271492,,
9,850,9,28590,,1
12,665,1,8773,1966,1
12,712,0,22949,1976,1
12,718,0,25866,1919,2
6,540,0,88300,1909,
0,1138,0,39988,,
9,46,11,9045,2016,
8,161,0,11329,,
9,42,7,226506,1968,
9,66,4,37241,1981,
11,1406,4,136522,2005,
7,792,0,333681,1938,3
2,1060,1,71806,,
5,626,9,130581,1970,5
11,1348,0,131271,2010,
0,1181,0,60606,,
3,1027,4,35465,,2
0,1106,6,92099,,
0,1132,6,103926,,
6,503,7,10762,,
6,519,9,461647,1976,
0,1075,6,72709,,
1,995,0,46230,,
6,429,9,11934,1930,
8,210,0,71248,2004,
10,1269,3,56388,,
6,376,6,585955,1942,
6,363,0,69300,2017,
12,663,1,57189,1976,2
8,158,6,10135,,
9,29,0,113866,2006,
9,856,1,2956,,1
9,62,4,42731,2001,
0,1179,1,143228,,
8,186,10,1629,1948,
8,201,0,219608,1992,
2,1036,6,54207,,
8,177,1,167066,1989,
6,747,0,30531,,
11,1347,0,322341,1995,
6,407,0,325217,2006,
0,1131,6,25463,,
5,615,0,153700,1990,7
9,820,1,648,,1
11,1428,0,28432,1933,
6,786,0,257000,,
8,232,1,24345,1981,
6,430,9,23918,,
9,819,9,6351,,1
12,702,0,24251,1966,2
10,1283,9,76537,,
6,384,6,13728,,
4,137,1,64024,1967,6
1,958,1,234819,,
0,1148,6,861524,,
11,1329,13,60100,1912,
6,465,6,6400,,
0,1176,0,142672,,
6,752,9,38671,,
9,8,0,60809,2003,
9,43,11,59071,1980,
8,160,1,15786,,
6,779,4,113000,,
9,71,8,387638,1998,
6,442,0,70800,1964,
10,1223,6,52141,,
6,392,0,53000,1912,
8,254,1,254766,1989,
10,1267,0,138977,,
11,1350,0,149762,2004,
6,327,0,99325,1927,
8,175,0,111635,1989,
10,1291,6,237546,,
0,1153,13,89456,,
0,1219,6,91316,,
12,696,0,19041,1976,2
1,934,1,170607,,
6,361,9,13224,1965,
10,1234,0,46037,,
4,117,0,15489,2004,4
8,208,3,36904,1934,
2,1068,0,112956,,
6,391,0,87107,,
3,1023,0,87976,,2
6,325,0,59200,1959,
3,1015,7,4607,,1
9,100,4,24456,1968,
6,534,1,898,,
0,1117,6,111424,,
9,866,9,10174,,1
7,803,0,182986,1962,3
9,9,6,27000,2010,
10,1236,6,61756,,
9,831,1,4065,,1
1,966,0,393530,,
6,559,0,48994,2015,
4,140,6,50020,,11
6,449,4,18340,1900,
9,826,9,19446,,1
4,143,6,40085,,4
1,980,1,34819,,
6,329,1,3133,,
2,1048,0,275610,,
1,973,6,193960,,
8,172,6,121440,1983,
4,131,4,66661,1930,7
0,1162,6,72958,,
6,307,9,10873,,
8,188,6,23549,1941,
8,278,6,148101,,
6,432,9,103200,,
1,970,12,346056,,
10,1268,6,43007,,
12,671,4,7589,1976,3
11,1416,4,41236,1975,
10,1226,0,27995,,
10,1290,0,200442,,
0,1119,6,119509,,
0,1083,0,100813,,
9,818,9,3648,,1
10,1321,1,370024,,
4,106,0,5374,,4
5,648,0,154706,2009,11
9,16,0,54644,1996,
9,832,9,26507,,1
11,1419,4,40629,1975,
3,1013,0,67377,,3
6,506,7,34400,,
6,306,0,51500,1931,
0,1113,6,33401,,
3,1019,1,39788,,5
2,1064,0,131212,,
4,130,4,62893,1960,16
9,808,7,9357,,1
5,595,0,270413,1971,14
9,20,0,110272,1977,
10,1261,6,42942,,
1,979,1,52357,,
8,187,0,44203,1950,
0,1127,6,87131,,
3,1022,0,84346,,2
0,1158,9,294812,,
8,247,0,64560,1965,
6,334,0,57100,1960,
6,441,9,3267,,
8,185,0,84300,,
9,79,6,36240,2010,
6,365,3,819577,1922,
6,374,4,350000,1949,
11,1424,4,24103,1964,
9,833,9,6392,,1
9,869,1,875000,,1
9,844,1,6944,,1
0,1171,5,56851,,
8,250,0,131710,1991,
10,1313,3,68637,,
5,645,0,304333,2006,12
0,1107,0,184098,,
1,887,4,69754,,
8,213,0,49662,1964,
12,730,0,126045,1966,4
10,1238,6,129707,,
12,723,0,160038,1966,4
9,57,4,65359,2013,
11,1427,0,180625,1933,
0,1149,6,293990,,
5,614,4,185200,1930,8
6,433,1,23055,,
8,227,1,17132,1918,
12,737,0,14790,1976,1
8,235,0,9309,1970,
9,837,9,33246,,1
4,105,0,50623,,5
1,997,6,38173,,
5,628,0,40706,1958,3
12,728,0,30300,1966,2
0,1096,8,83772,,
9,17,6,15250,1980,
6,372,0,49100,1911,
6,535,3,15000,2010,
6,402,9,2818,,
1,990,6,82939,,
0,1218,1,268480,,
10,1299,0,25401,,
6,764,0,58307,,
0,1160,6,80205,,
1,874,6,181805,,
12,660,1,5447,1976,1
11,1338,0,31415,1912,
12,690,6,19429,1945,2
4,142,6,45348,,4
2,1067,0,125701,,
5,620,0,220703,2011,9
1,942,4,57334,,
9,863,9,19823,,1
4,120,0,68211,1976,7
8,170,11,45224,1982,
0,1184,4,74584,,
10,1296,6,8836,,
8,192,0,151637,1983,
6,436,4,15574,,
9,74,8,387638,1997,
1,978,0,258491,,
8,164,15,12908,1979,
5,573,0,23815,1914,4
0,1072,3,305000,,
5,569,0,86091,1964,8
9,51,8,387638,2014,
12,715,0,23153,1976,2
5,584,0,137806,1967,8
1,950,1,16052,,
6,483,0,207000,1935,
6,523,1,9726,,
6,531,9,68203,,
9,73,8,387638,2008,
4,135,4,66532,1967,10
9,858,7,1566,,1
6,455,3,29192,2014,
6,304,1,194300,1900,
8,205,4,60086,2001,
8,215,4,36406,1940,
10,1241,3,194188,,
2,1056,0,72958,,
6,487,0,66600,1959,
6,294,1,14913,,
0,1152,6,118858,,
